model,mse,rmse,r2
ridge_regression,962.6841395288088,31.0271516502693,0.4181137322207381
linear_regression,1026.3916507640383,32.037347748589276,0.3796062670823621
random_forest,1109.7804072655047,33.31336679570987,0.32920264007429534
lasso_regression,1113.6436155863435,33.37129927926606,0.3268675565519189
