model,cv_rmse_mean,cv_rmse_std,cv_r2_mean,cv_r2_std
ridge_regression,27.195349149541432,2.9616146921964543,0.46094365121216363,0.04259975347741903
random_forest,28.053534064064944,3.508663839882179,0.4255371132093223,0.07355057223489296
lasso_regression,28.162645191639136,3.3495042674437014,0.421814588500432,0.06013600056114073
linear_regression,30.666602592330765,1.4472781679914777,0.3075914581102944,0.05773464643335833
